2016-10-09 20:11:50,528 ===== NEW TRIAL =====
2016-10-09 20:13:30,501 ADD
2016-10-09 20:13:30,623 ACK, TTL = 5
2016-10-09 20:13:31,713 ADD
2016-10-09 20:13:31,715 ACK, TTL = 4
2016-10-09 20:13:32,773 ADD
2016-10-09 20:13:32,775 ACK, TTL = 3
2016-10-09 20:13:33,828 ADD
2016-10-09 20:13:33,830 ACK, TTL = 2
2016-10-09 20:13:34,882 ADD
2016-10-09 20:13:34,883 ACK, TTL = 1
2016-10-09 20:13:35,926 ADD
2016-10-09 20:13:36,057 ACK, TTL = 5
2016-10-09 20:13:37,109 ADD
2016-10-09 20:13:37,241 ACK, TTL = 5
2016-10-09 20:13:38,287 ADD
2016-10-09 20:13:38,289 ACK, TTL = 2
2016-10-09 20:13:39,343 ADD
2016-10-09 20:13:39,345 ACK, TTL = 1
2016-10-09 20:13:40,398 ADD
2016-10-09 20:13:40,529 ACK, TTL = 5
2016-10-09 20:13:41,581 ADD
2016-10-09 20:13:41,706 ACK, TTL = 5
2016-10-09 20:13:42,757 ADD
2016-10-09 20:13:42,945 ACK, TTL = 5
2016-10-09 20:13:44,006 ADD
2016-10-09 20:13:44,153 ACK, TTL = 5
2016-10-09 20:13:45,197 ADD
2016-10-09 20:13:45,370 ACK, TTL = 5
2016-10-09 20:13:46,420 ADD
2016-10-09 20:13:46,660 ACK, TTL = 5
2016-10-09 20:13:47,710 ADD
2016-10-09 20:13:47,807 ACK, TTL = 5
2016-10-09 21:17:14,269 ===== NEW TRIAL =====
2016-10-09 21:17:25,873 ADD
2016-10-09 21:17:25,979 ACK, TTL = 5
2016-10-09 21:17:27,065 ADD
2016-10-09 21:17:27,068 ACK, TTL = 4
2016-10-09 21:17:28,116 ADD
2016-10-09 21:17:28,118 ACK, TTL = 3
2016-10-09 21:17:29,195 ADD
2016-10-09 21:17:29,197 ACK, TTL = 2
2016-10-09 21:17:30,247 ADD
2016-10-09 21:17:30,249 ACK, TTL = 1
2016-10-09 21:17:31,305 ADD
2016-10-09 21:17:31,418 ACK, TTL = 5
2016-10-09 21:17:32,493 ADD
2016-10-09 21:17:32,494 ACK, TTL = 4
2016-10-09 21:17:33,543 ADD
2016-10-09 21:17:33,544 ACK, TTL = 3
2016-10-09 21:17:34,611 ADD
2016-10-09 21:17:34,613 ACK, TTL = 2
2016-10-09 21:17:35,690 ADD
2016-10-09 21:17:35,691 ACK, TTL = 1
2016-10-09 21:17:36,741 ADD
2016-10-09 21:17:36,869 ACK, TTL = 5
2016-10-09 21:17:37,936 ADD
2016-10-09 21:17:37,938 ACK, TTL = 4
2016-10-09 21:17:38,981 ADD
2016-10-09 21:17:38,982 ACK, TTL = 3
2016-10-09 21:17:40,031 ADD
2016-10-09 21:17:40,032 ACK, TTL = 2
2016-10-09 21:17:41,089 ADD
2016-10-09 21:17:41,090 ACK, TTL = 1
2016-10-09 21:17:42,195 ADD
2016-10-09 21:17:42,302 ACK, TTL = 5
2016-10-09 21:17:43,350 ADD
2016-10-09 21:17:43,352 ACK, TTL = 4
2016-10-09 21:17:44,406 ADD
2016-10-09 21:17:44,410 ACK, TTL = 3
2016-10-09 21:17:45,457 ADD
2016-10-09 21:17:45,459 ACK, TTL = 2
2016-10-09 21:17:46,507 ADD
2016-10-09 21:17:46,508 ACK, TTL = 1
2016-10-09 21:17:47,564 ADD
2016-10-09 21:17:47,665 ACK, TTL = 5
2016-10-09 21:17:48,723 ADD
2016-10-09 21:17:48,724 ACK, TTL = 4
2016-10-09 21:17:49,774 ADD
2016-10-09 21:17:49,775 ACK, TTL = 3
2016-10-09 21:17:50,871 ADD
2016-10-09 21:17:50,872 ACK, TTL = 2
2016-10-09 21:17:51,958 ADD
2016-10-09 21:17:51,959 ACK, TTL = 1
2016-10-09 21:17:53,019 ADD
2016-10-09 21:17:53,156 ACK, TTL = 5
2016-10-09 21:17:54,214 ADD
2016-10-09 21:17:54,216 ACK, TTL = 4
2016-10-09 21:17:55,265 ADD
2016-10-09 21:17:55,267 ACK, TTL = 3
2016-10-09 21:17:56,337 ADD
2016-10-09 21:17:56,338 ACK, TTL = 1
2016-10-09 21:17:57,401 ADD
2016-10-09 21:17:57,538 ACK, TTL = 5
2016-10-09 21:17:58,585 ADD
2016-10-09 21:17:58,587 ACK, TTL = 4
2016-10-09 21:17:59,637 ADD
2016-10-09 21:17:59,639 ACK, TTL = 3
2016-10-09 21:18:00,697 ADD
2016-10-09 21:18:00,699 ACK, TTL = 2
2016-10-09 21:18:01,780 ADD
2016-10-09 21:18:01,781 ACK, TTL = 1
2016-10-09 21:18:02,844 ADD
2016-10-09 21:18:02,957 ACK, TTL = 5
2016-10-09 21:18:04,058 ADD
2016-10-09 21:18:04,059 ACK, TTL = 4
2016-10-09 21:18:05,158 ADD
2016-10-09 21:18:05,160 ACK, TTL = 3
2016-10-09 21:18:06,225 ADD
2016-10-09 21:18:06,227 ACK, TTL = 2
2016-10-09 21:18:07,277 ADD
2016-10-09 21:18:07,409 ACK, TTL = 5
2016-10-09 21:18:08,460 ADD
2016-10-09 21:18:08,461 ACK, TTL = 4
2016-10-09 21:18:09,514 ADD
2016-10-09 21:18:09,515 ACK, TTL = 3
2016-10-09 21:18:10,563 ADD
2016-10-09 21:18:10,564 ACK, TTL = 2
2016-10-09 21:18:11,640 ADD
2016-10-09 21:18:11,642 ACK, TTL = 1
2016-10-09 21:18:12,742 ADD
2016-10-09 21:18:12,869 ACK, TTL = 5
2016-10-09 21:18:13,958 ADD
2016-10-09 21:18:13,959 ACK, TTL = 4
2016-10-09 21:18:15,012 ADD
2016-10-09 21:18:15,013 ACK, TTL = 3
2016-10-09 21:18:16,064 ADD
2016-10-09 21:18:16,066 ACK, TTL = 2
2016-10-09 21:18:17,169 ADD
2016-10-09 21:18:17,171 ACK, TTL = 1
2016-10-09 21:18:18,260 ADD
2016-10-09 21:18:18,388 ACK, TTL = 5
2016-10-09 21:18:19,445 ADD
2016-10-09 21:18:19,446 ACK, TTL = 4
2016-10-09 21:18:20,503 ADD
2016-10-09 21:18:20,641 ACK, TTL = 3
2016-10-09 21:18:21,711 ADD
2016-10-09 21:18:21,712 ACK, TTL = 2
2016-10-09 21:18:22,765 ADD
2016-10-09 21:18:22,767 ACK, TTL = 1
2016-10-09 21:18:23,823 ADD
2016-10-09 21:18:23,952 ACK, TTL = 5
2016-10-09 21:18:24,997 ADD
2016-10-09 21:18:24,999 ACK, TTL = 4
2016-10-09 21:18:26,056 ADD
2016-10-09 21:18:26,057 ACK, TTL = 3
2016-10-09 21:18:27,108 ADD
2016-10-09 21:18:27,110 ACK, TTL = 2
2016-10-09 21:18:28,159 ADD
2016-10-09 21:18:28,161 ACK, TTL = 1
2016-10-09 21:18:29,216 ADD
2016-10-09 21:18:29,327 ACK, TTL = 5
2016-10-09 21:18:30,373 ADD
2016-10-09 21:18:30,374 ACK, TTL = 4
2016-10-09 21:18:31,418 ADD
2016-10-09 21:18:31,419 ACK, TTL = 3
2016-10-09 21:18:32,469 ADD
2016-10-09 21:18:32,470 ACK, TTL = 2
2016-10-09 21:18:33,527 ADD
2016-10-09 21:18:33,529 ACK, TTL = 1
2016-10-09 21:18:34,579 ADD
2016-10-09 21:18:34,696 ACK, TTL = 5
2016-10-09 21:18:35,746 ADD
2016-10-09 21:18:35,748 ACK, TTL = 4
2016-10-09 21:18:36,808 ADD
2016-10-09 21:18:36,809 ACK, TTL = 3
2016-10-09 21:18:37,867 ADD
2016-10-09 21:18:37,868 ACK, TTL = 2
2016-10-09 21:18:38,920 ADD
2016-10-09 21:18:38,921 ACK, TTL = 1
2016-10-09 21:18:39,984 ADD
2016-10-09 21:18:40,121 ACK, TTL = 5
2016-10-09 21:18:41,166 ADD
2016-10-09 21:18:41,167 ACK, TTL = 4
2016-10-09 21:18:42,216 ADD
2016-10-09 21:18:42,223 ACK, TTL = 3
2016-10-09 21:18:43,280 ADD
2016-10-09 21:18:43,282 ACK, TTL = 1
2016-10-09 21:18:44,336 ADD
2016-10-09 21:18:44,467 ACK, TTL = 5
2016-10-09 21:18:45,520 ADD
2016-10-09 21:18:45,522 ACK, TTL = 4
2016-10-09 21:18:46,574 ADD
2016-10-09 21:18:46,575 ACK, TTL = 3
2016-10-09 21:18:47,634 ADD
2016-10-09 21:18:47,635 ACK, TTL = 2
2016-10-09 21:18:48,685 ADD
2016-10-09 21:18:48,686 ACK, TTL = 1
2016-10-09 21:18:49,735 ADD
2016-10-09 21:18:49,810 ACK, TTL = 5
2016-10-09 21:18:50,860 ADD
2016-10-09 21:18:50,861 ACK, TTL = 4
2016-10-09 21:18:51,910 ADD
2016-10-09 21:18:51,911 ACK, TTL = 3
2016-10-09 21:18:52,963 ADD
2016-10-09 21:18:52,964 ACK, TTL = 2
2016-10-09 21:18:54,014 ADD
2016-10-09 21:18:54,019 ACK, TTL = 1
2016-10-09 21:18:55,065 ADD
2016-10-09 21:18:55,201 ACK, TTL = 5
2016-10-09 21:18:56,254 ADD
2016-10-09 21:18:56,255 ACK, TTL = 4
2016-10-09 21:18:57,316 ADD
2016-10-09 21:18:57,318 ACK, TTL = 2
2016-10-09 21:18:58,378 ADD
2016-10-09 21:18:58,380 ACK, TTL = 1
2016-10-09 21:18:59,442 ADD
2016-10-09 21:19:00,333 ACK, TTL = 5
2016-10-09 21:19:01,385 ADD
2016-10-09 21:19:01,387 ACK, TTL = 4
2016-10-09 21:19:02,441 ADD
2016-10-09 21:19:02,443 ACK, TTL = 3
2016-10-09 21:19:03,491 ADD
2016-10-09 21:19:03,492 ACK, TTL = 2
2016-10-09 21:19:04,542 ADD
2016-10-09 21:19:04,543 ACK, TTL = 1
2016-10-09 21:19:05,593 ADD
2016-10-09 21:19:05,716 ACK, TTL = 5
2016-10-09 21:19:06,767 ADD
2016-10-09 21:19:06,768 ACK, TTL = 4
2016-10-09 21:19:07,823 ADD
2016-10-09 21:19:07,824 ACK, TTL = 3
2016-10-09 21:19:08,883 ADD
2016-10-09 21:19:08,885 ACK, TTL = 2
2016-10-09 21:19:09,947 ADD
2016-10-09 21:19:09,948 ACK, TTL = 1
2016-10-09 21:19:11,002 ADD
2016-10-09 21:19:11,111 ACK, TTL = 5
2016-10-09 21:19:12,168 ADD
2016-10-09 21:19:12,169 ACK, TTL = 4
2016-10-09 21:19:13,217 ADD
2016-10-09 21:19:13,219 ACK, TTL = 3
2016-10-09 21:19:14,305 ADD
2016-10-09 21:19:14,307 ACK, TTL = 1
2016-10-09 21:27:34,205 ADD
2016-10-09 21:27:34,208 ADD
2016-10-09 21:27:34,210 ADD
2016-10-09 21:27:36,206 ADD
2016-10-09 21:27:36,208 ADD
2016-10-09 21:27:36,210 ADD
2016-10-09 21:27:42,609 ===== NEW TRIAL =====
2016-10-09 21:27:45,865 ADD
2016-10-09 21:27:45,945 ACK, TTL = 5
2016-10-09 21:27:46,028 ADD
2016-10-09 21:27:46,328 ACK, TTL = 5
2016-10-09 21:27:46,429 ADD
2016-10-09 21:27:47,319 ACK, TTL = 5
2016-10-09 21:27:51,398 ADD
2016-10-09 21:27:51,399 ACK, TTL = 1
2016-10-09 21:27:52,014 ADD
2016-10-09 21:27:52,128 ACK, TTL = 5
2016-10-09 21:27:52,407 ADD
2016-10-09 21:27:52,517 ACK, TTL = 5
2016-10-09 21:27:53,428 ADD
2016-10-09 21:27:53,484 ACK, TTL = 5
2016-10-09 21:27:58,177 ADD
2016-10-09 21:27:58,316 ACK, TTL = 5
2016-10-09 21:27:58,550 ADD
2016-10-09 21:27:58,611 ACK, TTL = 5
2016-10-09 21:28:01,182 ADD
2016-10-09 21:28:01,311 ACK, TTL = 5
2016-10-09 21:30:37,820 ===== NEW TRIAL =====
2016-10-09 21:31:19,139 ADD
2016-10-09 21:31:19,257 ACK, TTL = 5
2016-10-09 21:31:19,334 ADD
2016-10-09 21:31:19,335 ACK, TTL = 4
2016-10-09 21:31:20,387 ADD
2016-10-09 21:31:20,388 ACK, TTL = 3
2016-10-09 21:31:21,442 ADD
2016-10-09 21:31:21,443 ACK, TTL = 2
2016-10-09 21:31:22,492 ADD
2016-10-09 21:31:22,493 ACK, TTL = 1
2016-10-09 21:31:23,555 ADD
2016-10-09 21:31:23,655 ACK, TTL = 5
2016-10-09 21:31:24,704 ADD
2016-10-09 21:31:24,705 ACK, TTL = 4
2016-10-09 21:31:25,756 ADD
2016-10-09 21:31:25,757 ACK, TTL = 3
2016-10-09 21:31:26,807 ADD
2016-10-09 21:31:26,809 ACK, TTL = 2
2016-10-09 21:31:27,859 ADD
2016-10-09 21:31:27,861 ACK, TTL = 1
2016-10-09 21:31:28,920 ADD
2016-10-09 21:31:29,050 ACK, TTL = 5
2016-10-09 21:31:30,105 ADD
2016-10-09 21:31:30,107 ACK, TTL = 4
2016-10-09 21:31:31,158 ADD
2016-10-09 21:31:31,159 ACK, TTL = 3
2016-10-09 21:31:32,215 ADD
2016-10-09 21:31:32,216 ACK, TTL = 2
2016-10-09 21:31:33,270 ADD
2016-10-09 21:31:33,271 ACK, TTL = 1
2016-10-09 21:31:34,323 ADD
2016-10-09 21:31:34,458 ACK, TTL = 5
2016-10-09 21:31:35,502 ADD
2016-10-09 21:31:35,504 ACK, TTL = 4
2016-10-09 21:31:36,558 ADD
2016-10-09 21:31:36,560 ACK, TTL = 3
2016-10-09 21:31:37,609 ADD
2016-10-09 21:31:37,610 ACK, TTL = 2
2016-10-09 21:31:38,665 ADD
2016-10-09 21:31:38,666 ACK, TTL = 1
2016-10-09 21:31:39,717 ADD
2016-10-09 21:31:39,859 ACK, TTL = 5
2016-10-09 21:31:40,905 ADD
2016-10-09 21:31:40,907 ACK, TTL = 4
2016-10-09 21:31:41,966 ADD
2016-10-09 21:31:41,968 ACK, TTL = 3
2016-10-09 21:31:43,025 ADD
2016-10-09 21:31:43,026 ACK, TTL = 2
2016-10-09 21:31:44,084 ADD
2016-10-09 21:31:44,086 ACK, TTL = 1
2016-10-09 21:31:45,142 ADD
2016-10-09 21:31:45,273 ACK, TTL = 5
2016-10-09 21:31:46,318 ADD
2016-10-09 21:31:46,319 ACK, TTL = 3
2016-10-09 21:31:47,362 ADD
2016-10-09 21:31:47,367 ACK, TTL = 2
2016-10-09 21:31:48,433 ADD
2016-10-09 21:31:48,434 ACK, TTL = 1
2016-10-09 21:31:49,492 ADD
2016-10-09 21:31:49,621 ACK, TTL = 5
2016-10-09 21:31:50,669 ADD
2016-10-09 21:31:50,670 ACK, TTL = 4
2016-10-09 21:31:51,726 ADD
2016-10-09 21:31:51,727 ACK, TTL = 3
2016-10-09 21:31:52,772 ADD
2016-10-09 21:31:52,774 ACK, TTL = 2
2016-10-09 21:31:53,818 ADD
2016-10-09 21:31:53,820 ACK, TTL = 1
2016-10-09 21:31:54,870 ADD
2016-10-09 21:31:54,994 ACK, TTL = 5
2016-10-09 21:31:56,047 ADD
2016-10-09 21:31:56,049 ACK, TTL = 4
2016-10-09 21:31:57,100 ADD
2016-10-09 21:31:57,101 ACK, TTL = 3
2016-10-09 21:31:58,147 ADD
2016-10-09 21:31:58,149 ACK, TTL = 2
2016-10-09 21:31:59,199 ADD
2016-10-09 21:31:59,200 ACK, TTL = 1
2016-10-09 21:32:00,252 ADD
2016-10-09 21:32:00,380 ACK, TTL = 5
2016-10-09 21:32:01,432 ADD
2016-10-09 21:32:01,433 ACK, TTL = 4
2016-10-09 21:32:02,482 ADD
2016-10-09 21:32:02,483 ACK, TTL = 3
2016-10-09 21:32:03,536 ADD
2016-10-09 21:32:03,537 ACK, TTL = 2
2016-10-09 21:32:04,587 ADD
2016-10-09 21:32:04,588 ACK, TTL = 1
2016-10-09 21:32:05,637 ADD
2016-10-09 21:32:05,722 ACK, TTL = 5
2016-10-09 21:32:06,771 ADD
2016-10-09 21:32:06,772 ACK, TTL = 4
2016-10-09 21:32:07,821 ADD
2016-10-09 21:32:07,823 ACK, TTL = 3
2016-10-09 21:32:08,879 ADD
2016-10-09 21:32:08,880 ACK, TTL = 2
2016-10-09 21:32:09,930 ADD
2016-10-09 21:32:09,931 ACK, TTL = 1
2016-10-09 21:32:10,985 ADD
2016-10-09 21:32:11,102 ACK, TTL = 5
2016-10-09 21:32:12,148 ADD
2016-10-09 21:32:12,150 ACK, TTL = 4
2016-10-09 21:32:13,203 ADD
2016-10-09 21:32:13,204 ACK, TTL = 3
2016-10-09 21:32:14,257 ADD
2016-10-09 21:32:14,258 ACK, TTL = 2
2016-10-09 21:32:15,309 ADD
2016-10-09 21:32:15,381 ACK, TTL = 5
2016-10-09 21:32:16,437 ADD
2016-10-09 21:32:16,439 ACK, TTL = 4
2016-10-09 21:32:17,489 ADD
2016-10-09 21:32:17,490 ACK, TTL = 3
2016-10-09 21:32:18,543 ADD
2016-10-09 21:32:18,794 ACK, TTL = 2
2016-10-09 21:32:19,849 ADD
2016-10-09 21:32:19,851 ACK, TTL = 1
2016-10-09 21:32:20,901 ADD
2016-10-09 21:32:21,030 ACK, TTL = 5
2016-10-09 21:32:22,081 ADD
2016-10-09 21:32:22,083 ACK, TTL = 4
2016-10-09 21:32:23,138 ADD
2016-10-09 21:32:23,139 ACK, TTL = 3
2016-10-09 21:32:24,190 ADD
2016-10-09 21:32:24,191 ACK, TTL = 2
2016-10-09 21:32:25,241 ADD
2016-10-09 21:32:25,242 ACK, TTL = 1
2016-10-09 21:32:26,297 ADD
2016-10-09 21:32:26,435 ACK, TTL = 5
2016-10-09 21:32:27,477 ADD
2016-10-09 21:32:27,478 ACK, TTL = 4
2016-10-09 21:32:28,522 ADD
2016-10-09 21:32:28,524 ACK, TTL = 3
2016-10-09 21:32:29,577 ADD
2016-10-09 21:32:29,578 ACK, TTL = 2
2016-10-09 21:32:30,626 ADD
2016-10-09 21:32:30,628 ACK, TTL = 1
2016-10-09 21:32:31,678 ADD
2016-10-09 21:32:31,798 ACK, TTL = 5
2016-10-09 21:32:32,847 ADD
2016-10-09 21:32:32,849 ACK, TTL = 4
2016-10-09 21:32:33,899 ADD
2016-10-09 21:32:33,902 ACK, TTL = 3
2016-10-09 21:32:34,971 ADD
2016-10-09 21:32:34,973 ACK, TTL = 2
2016-10-09 21:32:36,030 ADD
2016-10-09 21:32:36,032 ACK, TTL = 1
2016-10-09 21:32:37,086 ADD
2016-10-09 21:32:37,368 ACK, TTL = 5
2016-10-09 21:32:38,422 ADD
2016-10-09 21:32:38,423 ACK, TTL = 4
2016-10-09 21:32:39,482 ADD
2016-10-09 21:32:39,484 ACK, TTL = 3
2016-10-09 21:32:40,534 ADD
2016-10-09 21:32:40,535 ACK, TTL = 2
2016-10-09 21:32:41,579 ADD
2016-10-09 21:32:41,580 ACK, TTL = 1
2016-10-09 21:32:42,631 ADD
2016-10-09 21:32:42,695 ACK, TTL = 5
2016-10-09 21:32:43,754 ADD
2016-10-09 21:32:43,755 ACK, TTL = 4
2016-10-09 21:32:44,805 ADD
2016-10-09 21:32:44,806 ACK, TTL = 3
2016-10-09 21:32:45,850 ADD
2016-10-09 21:32:45,851 ACK, TTL = 2
2016-10-09 21:32:46,907 ADD
2016-10-09 21:32:46,908 ACK, TTL = 1
2016-10-09 21:32:47,961 ADD
2016-10-09 21:32:48,062 ACK, TTL = 5
2016-10-09 21:32:49,114 ADD
2016-10-09 21:32:49,116 ACK, TTL = 4
2016-10-09 21:32:50,162 ADD
2016-10-09 21:32:50,163 ACK, TTL = 3
2016-10-09 21:32:51,214 ADD
2016-10-09 21:32:51,216 ACK, TTL = 2
2016-10-09 21:32:52,271 ADD
2016-10-09 21:32:52,272 ACK, TTL = 1
2016-10-09 21:32:53,322 ADD
2016-10-09 21:32:53,446 ACK, TTL = 5
2016-10-09 21:32:54,500 ADD
2016-10-09 21:32:54,502 ACK, TTL = 4
2016-10-09 21:32:55,550 ADD
2016-10-09 21:32:55,551 ACK, TTL = 3
2016-10-09 21:32:56,601 ADD
2016-10-09 21:32:56,603 ACK, TTL = 2
2016-10-09 21:32:57,650 ADD
2016-10-09 21:32:57,651 ACK, TTL = 1
2016-10-09 21:32:58,707 ADD
2016-10-09 21:32:58,837 ACK, TTL = 5
2016-10-09 21:32:59,888 ADD
2016-10-09 21:32:59,889 ACK, TTL = 4
2016-10-09 21:33:00,938 ADD
2016-10-09 21:33:00,939 ACK, TTL = 3
2016-10-09 21:33:01,992 ADD
2016-10-09 21:33:01,994 ACK, TTL = 2
2016-10-09 21:33:03,048 ADD
2016-10-09 21:33:03,049 ACK, TTL = 1
2016-10-09 21:33:04,105 ADD
2016-10-09 21:33:04,211 ACK, TTL = 5
2016-10-09 21:33:05,261 ADD
2016-10-09 21:33:05,263 ACK, TTL = 4
2016-10-09 21:33:06,314 ADD
2016-10-09 21:33:06,315 ACK, TTL = 2
2016-10-09 21:35:27,439 ===== NEW TRIAL =====
2016-10-09 21:35:30,293 ADD
2016-10-09 21:35:30,501 ACK, TTL = 5
2016-10-09 21:35:30,585 ADD
2016-10-09 21:35:31,474 ACK, TTL = 5
2016-10-09 21:35:31,584 ADD
2016-10-09 21:35:32,495 ACK, TTL = 5
2016-10-09 21:35:32,581 ADD
2016-10-09 21:35:32,583 ACK, TTL = 5
2016-10-09 21:35:34,560 ADD
2016-10-09 21:35:34,563 ACK, TTL = 1
2016-10-09 21:35:34,610 ADD
2016-10-09 21:35:34,623 ACK, TTL = 3
2016-10-09 21:35:35,548 ADD
2016-10-09 21:35:35,551 ACK, TTL = 1
2016-10-09 21:35:36,584 ADD
2016-10-09 21:35:37,498 ACK, TTL = 5
2016-10-09 21:35:37,587 ADD
2016-10-09 21:35:38,480 ACK, TTL = 5
2016-10-09 21:35:38,661 ADD
2016-10-09 21:35:39,619 ACK, TTL = 5
2016-10-09 21:35:40,228 ADD
2016-10-09 21:35:40,231 ACK, TTL = 5
2016-10-09 21:35:40,295 ADD
2016-10-09 21:35:40,304 ACK, TTL = 4
2016-10-09 21:35:43,530 ADD
2016-10-09 21:35:43,763 ACK, TTL = 5
2016-10-09 21:35:44,510 ADD
2016-10-09 21:35:44,743 ACK, TTL = 5
2016-10-09 21:35:45,649 ADD
2016-10-09 21:35:45,854 ACK, TTL = 5
2016-10-09 21:35:49,650 ADD
2016-10-09 21:35:49,878 ACK, TTL = 5
2016-10-09 21:35:50,779 ADD
2016-10-09 21:35:51,068 ACK, TTL = 5
2016-10-09 21:35:51,887 ADD
2016-10-09 21:35:52,114 ACK, TTL = 5
2016-10-09 21:35:55,913 ADD
2016-10-09 21:35:56,138 ACK, TTL = 5
2016-10-09 21:35:57,100 ADD
2016-10-09 21:35:57,622 ACK, TTL = 5
2016-10-09 21:35:58,139 ADD
2016-10-09 21:35:58,506 ACK, TTL = 5
2016-10-09 21:36:02,165 ADD
2016-10-09 21:36:02,400 ACK, TTL = 5
2016-10-09 21:36:03,666 ADD
2016-10-09 21:36:03,915 ACK, TTL = 5
2016-10-09 21:36:04,549 ADD
2016-10-09 21:36:04,788 ACK, TTL = 5
2016-10-09 21:36:07,666 ADD
2016-10-09 21:36:07,896 ACK, TTL = 5
2016-10-09 21:36:09,947 ADD
2016-10-09 21:36:10,239 ACK, TTL = 5
2016-10-09 21:36:10,667 ADD
2016-10-09 21:36:10,913 ACK, TTL = 5
2016-10-09 21:36:14,441 ADD
2016-10-09 21:36:14,689 ACK, TTL = 5
2016-10-09 21:36:16,265 ADD
2016-10-09 21:36:16,497 ACK, TTL = 5
2016-10-09 21:36:16,944 ADD
2016-10-09 21:36:17,194 ACK, TTL = 5
2016-10-09 21:36:20,725 ADD
2016-10-09 21:36:20,939 ACK, TTL = 5
2016-10-09 21:36:22,530 ADD
2016-10-09 21:36:22,771 ACK, TTL = 5
2016-10-09 21:36:23,224 ADD
2016-10-09 21:36:23,686 ACK, TTL = 5
2016-10-09 21:36:26,974 ADD
2016-10-09 21:36:27,194 ACK, TTL = 5
2016-10-09 21:36:28,796 ADD
2016-10-09 21:36:29,036 ACK, TTL = 5
2016-10-09 21:36:29,722 ADD
2016-10-09 21:36:29,989 ACK, TTL = 5
2016-10-09 21:36:33,225 ADD
2016-10-09 21:36:33,464 ACK, TTL = 5
2016-10-09 21:36:35,065 ADD
2016-10-09 21:36:35,276 ACK, TTL = 5
2016-10-09 21:36:36,023 ADD
2016-10-09 21:36:36,315 ACK, TTL = 5
2016-10-09 21:36:39,498 ADD
2016-10-09 21:36:39,714 ACK, TTL = 5
2016-10-09 21:36:41,313 ADD
2016-10-09 21:36:41,537 ACK, TTL = 5
2016-10-09 21:36:42,353 ADD
2016-10-09 21:36:42,608 ACK, TTL = 5
2016-10-09 21:36:45,743 ADD
2016-10-09 21:36:45,967 ACK, TTL = 5
2016-10-09 21:36:47,565 ADD
2016-10-09 21:36:47,791 ACK, TTL = 5
2016-10-09 21:36:48,642 ADD
2016-10-09 21:36:48,932 ACK, TTL = 5
2016-10-09 21:36:52,000 ADD
2016-10-09 21:36:52,234 ACK, TTL = 5
2016-10-09 21:36:53,838 ADD
2016-10-09 21:36:54,072 ACK, TTL = 5
2016-10-09 21:36:54,962 ADD
2016-10-09 21:36:55,215 ACK, TTL = 5
2016-10-09 21:36:58,263 ADD
2016-10-09 21:36:58,494 ACK, TTL = 5
2016-10-09 21:37:00,107 ADD
2016-10-09 21:37:00,340 ACK, TTL = 5
2016-10-09 21:37:01,253 ADD
2016-10-09 21:37:01,492 ACK, TTL = 5
2016-10-09 21:37:04,532 ADD
2016-10-09 21:37:04,784 ACK, TTL = 5
2016-10-09 21:37:06,373 ADD
2016-10-09 21:37:06,659 ACK, TTL = 5
2016-10-09 21:37:07,523 ADD
2016-10-09 21:37:07,811 ACK, TTL = 5
2016-10-09 21:37:10,820 ADD
2016-10-09 21:37:11,049 ACK, TTL = 5
2016-10-09 21:37:12,691 ADD
2016-10-09 21:37:12,931 ACK, TTL = 5
2016-10-09 21:37:13,842 ADD
2016-10-09 21:37:14,155 ACK, TTL = 5
2016-10-09 21:37:17,074 ADD
2016-10-09 21:37:17,291 ACK, TTL = 5
2016-10-09 21:37:18,848 ADD
2016-10-09 21:37:19,071 ACK, TTL = 5
2016-10-09 21:37:20,189 ADD
2016-10-09 21:37:20,510 ACK, TTL = 5
2016-10-09 21:37:23,334 ADD
2016-10-09 21:37:23,573 ACK, TTL = 5
2016-10-09 21:37:25,108 ADD
2016-10-09 21:37:25,397 ACK, TTL = 5
2016-10-09 21:37:26,537 ADD
2016-10-09 21:37:26,801 ACK, TTL = 5
2016-10-09 21:37:29,606 ADD
2016-10-09 21:37:29,852 ACK, TTL = 5
2016-10-09 21:37:31,434 ADD
2016-10-09 21:37:31,702 ACK, TTL = 5
2016-10-09 21:37:32,834 ADD
2016-10-09 21:37:33,179 ACK, TTL = 5
2016-10-09 21:37:35,885 ADD
2016-10-09 21:37:36,170 ACK, TTL = 5
2016-10-09 21:37:37,764 ADD
2016-10-09 21:37:38,029 ACK, TTL = 5
2016-10-09 21:37:39,255 ADD
2016-10-09 21:37:39,557 ACK, TTL = 5
2016-10-09 21:37:42,232 ADD
2016-10-09 21:37:42,579 ACK, TTL = 5
2016-10-09 21:37:44,059 ADD
2016-10-09 21:37:44,351 ACK, TTL = 5
2016-10-09 21:37:45,585 ADD
2016-10-09 21:37:45,838 ACK, TTL = 5
2016-10-09 21:37:48,612 ADD
2016-10-09 21:37:48,891 ACK, TTL = 5
2016-10-09 21:37:50,382 ADD
2016-10-09 21:37:50,702 ACK, TTL = 5
2016-10-09 21:37:51,876 ADD
2016-10-09 21:37:52,218 ACK, TTL = 5
2016-10-09 21:37:54,927 ADD
2016-10-09 21:37:55,253 ACK, TTL = 5
2016-10-09 21:37:56,740 ADD
2016-10-09 21:37:57,080 ACK, TTL = 5
2016-10-09 21:37:58,252 ADD
2016-10-09 21:37:58,543 ACK, TTL = 5
2016-10-09 21:38:01,292 ADD
2016-10-09 21:38:01,646 ACK, TTL = 5
2016-10-09 21:38:03,116 ADD
2016-10-09 21:38:03,456 ACK, TTL = 5
2016-10-09 21:38:04,580 ADD
2016-10-09 21:38:04,900 ACK, TTL = 5
2016-10-09 21:38:07,676 ADD
2016-10-09 21:38:07,928 ACK, TTL = 5
2016-10-09 21:38:09,494 ADD
2016-10-09 21:38:09,813 ACK, TTL = 5
2016-10-09 21:38:10,938 ADD
2016-10-09 21:38:11,293 ACK, TTL = 5
2016-10-09 21:38:13,964 ADD
2016-10-09 21:38:14,278 ACK, TTL = 5
2016-10-09 21:38:15,847 ADD
2016-10-09 21:38:16,123 ACK, TTL = 5
2016-10-09 21:38:17,323 ADD
2016-10-09 21:38:17,700 ACK, TTL = 5
2016-10-09 21:38:20,304 ADD
2016-10-09 21:38:20,622 ACK, TTL = 5
2016-10-09 21:38:22,159 ADD
2016-10-09 21:38:22,453 ACK, TTL = 5
2016-10-09 21:38:23,735 ADD
2016-10-09 21:38:24,024 ACK, TTL = 5
2016-10-09 21:38:26,663 ADD
2016-10-09 21:38:26,970 ACK, TTL = 5
2016-10-09 21:38:28,482 ADD
2016-10-09 21:38:28,795 ACK, TTL = 5
2016-10-09 21:38:30,052 ADD
2016-10-09 21:38:30,400 ACK, TTL = 5
2016-10-09 21:38:33,004 ADD
2016-10-09 21:38:33,282 ACK, TTL = 5
2016-10-09 21:38:34,830 ADD
2016-10-09 21:38:35,652 ACK, TTL = 5
2016-10-09 21:38:36,435 ADD
2016-10-09 21:38:36,784 ACK, TTL = 5
2016-10-09 21:38:39,324 ADD
2016-10-09 21:38:39,721 ACK, TTL = 5
2016-10-09 21:38:41,688 ADD
2016-10-09 21:38:42,007 ACK, TTL = 5
2016-10-09 21:38:42,819 ADD
2016-10-09 21:38:43,173 ACK, TTL = 5
2016-10-09 21:38:45,760 ADD
2016-10-09 21:38:46,064 ACK, TTL = 5
2016-10-09 21:38:48,047 ADD
2016-10-09 21:38:48,356 ACK, TTL = 5
2016-10-09 21:38:49,207 ADD
2016-10-09 21:38:49,576 ACK, TTL = 5
2016-10-09 21:38:52,102 ADD
2016-10-09 21:38:52,457 ACK, TTL = 5
2016-10-09 21:38:54,395 ADD
2016-10-09 21:38:54,667 ACK, TTL = 5
2016-10-09 21:38:55,615 ADD
2016-10-09 21:38:55,999 ACK, TTL = 5
2016-10-09 21:38:58,486 ADD
2016-10-09 21:38:58,803 ACK, TTL = 5
2016-10-09 21:39:00,702 ADD
2016-10-09 21:39:01,012 ACK, TTL = 5
2016-10-09 21:39:02,028 ADD
2016-10-09 21:39:02,451 ACK, TTL = 5
2016-10-09 21:39:04,846 ADD
2016-10-09 21:39:05,164 ACK, TTL = 5
2016-10-09 21:39:07,041 ADD
2016-10-09 21:39:07,357 ACK, TTL = 5
2016-10-09 21:39:08,492 ADD
2016-10-09 21:39:08,781 ACK, TTL = 5
2016-10-09 21:39:11,198 ADD
2016-10-09 21:39:11,593 ACK, TTL = 5
2016-10-09 21:39:13,393 ADD
2016-10-09 21:39:13,701 ACK, TTL = 5
2016-10-09 21:39:14,818 ADD
2016-10-09 21:39:15,211 ACK, TTL = 5
2016-10-09 21:39:17,629 ADD
2016-10-09 21:39:17,953 ACK, TTL = 5
2016-10-09 21:39:19,736 ADD
2016-10-09 21:39:20,063 ACK, TTL = 5
2016-10-09 21:39:21,241 ADD
2016-10-09 21:39:21,538 ACK, TTL = 5
2016-10-09 21:39:23,983 ADD
2016-10-09 21:39:24,259 ACK, TTL = 5
2016-10-09 21:39:26,101 ADD
2016-10-09 21:39:26,429 ACK, TTL = 5
2016-10-09 21:39:27,578 ADD
2016-10-09 21:39:27,898 ACK, TTL = 5
2016-10-09 21:39:30,299 ADD
2016-10-09 21:39:30,584 ACK, TTL = 5
2016-10-09 21:39:32,459 ADD
2016-10-09 21:39:32,797 ACK, TTL = 5
2016-10-09 21:39:33,929 ADD
2016-10-09 21:39:34,396 ACK, TTL = 5
2016-10-09 21:39:36,619 ADD
2016-10-09 21:39:36,922 ACK, TTL = 5
2016-10-09 21:39:38,874 ADD
2016-10-09 21:39:39,183 ACK, TTL = 5
2016-10-09 21:39:40,465 ADD
2016-10-09 21:39:40,843 ACK, TTL = 5
2016-10-09 21:39:43,001 ADD
2016-10-09 21:39:43,309 ACK, TTL = 5
2016-10-09 21:39:45,214 ADD
2016-10-09 21:39:45,544 ACK, TTL = 5
2016-10-09 21:39:46,879 ADD
2016-10-09 21:39:47,176 ACK, TTL = 5
2016-10-09 21:39:49,349 ADD
2016-10-09 21:39:49,691 ACK, TTL = 5
2016-10-09 21:39:51,577 ADD
2016-10-09 21:39:51,887 ACK, TTL = 5
2016-10-09 21:39:53,210 ADD
2016-10-09 21:39:53,518 ACK, TTL = 5
2016-10-09 21:39:55,725 ADD
2016-10-09 21:39:56,074 ACK, TTL = 5
2016-10-09 21:39:57,928 ADD
2016-10-09 21:39:58,591 ACK, TTL = 5
2016-10-09 21:39:59,550 ADD
2016-10-09 21:39:59,838 ACK, TTL = 5
2016-10-09 21:40:02,109 ADD
2016-10-09 21:40:02,463 ACK, TTL = 5
2016-10-09 21:40:04,630 ADD
2016-10-09 21:40:04,958 ACK, TTL = 5
2016-10-09 21:40:05,864 ADD
2016-10-09 21:40:06,285 ACK, TTL = 5
2016-10-09 21:40:08,497 ADD
2016-10-09 21:40:08,806 ACK, TTL = 5
2016-10-09 21:40:10,998 ADD
2016-10-09 21:40:11,294 ACK, TTL = 5
2016-10-09 21:40:12,000 ADD
2016-10-09 21:40:12,347 ACK, TTL = 5
2016-10-09 21:40:14,841 ADD
2016-10-09 21:40:15,192 ACK, TTL = 5
2016-10-09 21:40:17,325 ADD
2016-10-09 21:40:17,650 ACK, TTL = 5
2016-10-09 21:40:18,387 ADD
2016-10-09 21:40:18,716 ACK, TTL = 5
2016-10-09 21:40:21,225 ADD
2016-10-09 21:40:21,545 ACK, TTL = 5
2016-10-09 21:40:23,685 ADD
2016-10-09 21:40:23,983 ACK, TTL = 5
2016-10-09 21:40:24,752 ADD
2016-10-09 21:40:25,171 ACK, TTL = 5
2016-10-09 21:40:27,578 ADD
2016-10-09 21:40:27,899 ACK, TTL = 5
2016-10-09 21:40:30,021 ADD
2016-10-09 21:40:30,383 ACK, TTL = 5
2016-10-09 21:40:31,198 ADD
2016-10-09 21:40:31,639 ACK, TTL = 5
2016-10-09 21:40:33,935 ADD
2016-10-09 21:40:34,261 ACK, TTL = 5
2016-10-09 21:40:36,412 ADD
2016-10-09 21:40:36,743 ACK, TTL = 5
2016-10-09 21:40:37,667 ADD
2016-10-09 21:40:38,015 ACK, TTL = 5
2016-10-09 21:40:40,296 ADD
2016-10-09 21:40:40,578 ACK, TTL = 5
2016-10-09 21:40:42,782 ADD
2016-10-09 21:40:43,132 ACK, TTL = 5
2016-10-09 21:40:44,047 ADD
2016-10-09 21:40:44,458 ACK, TTL = 5
2016-10-09 21:40:46,610 ADD
2016-10-09 21:40:46,919 ACK, TTL = 5
2016-10-09 21:40:49,170 ADD
2016-10-09 21:40:49,520 ACK, TTL = 5
2016-10-09 21:40:50,499 ADD
2016-10-09 21:40:50,832 ACK, TTL = 5
2016-10-09 21:40:52,954 ADD
2016-10-09 21:40:53,252 ACK, TTL = 5
2016-10-09 21:40:55,555 ADD
2016-10-09 21:40:55,870 ACK, TTL = 5
2016-10-09 21:40:56,863 ADD
2016-10-09 21:40:57,223 ACK, TTL = 5
2016-10-09 21:40:59,286 ADD
2016-10-09 21:40:59,624 ACK, TTL = 5
2016-10-09 21:41:01,901 ADD
2016-10-09 21:41:02,195 ACK, TTL = 5
2016-10-09 21:41:03,257 ADD
2016-10-09 21:41:03,577 ACK, TTL = 5
2016-10-09 21:41:05,658 ADD
2016-10-09 21:41:05,961 ACK, TTL = 5
2016-10-09 21:41:08,227 ADD
2016-10-09 21:41:08,556 ACK, TTL = 5
2016-10-09 21:41:09,610 ADD
2016-10-09 21:41:09,880 ACK, TTL = 5
2016-10-09 21:41:11,991 ADD
2016-10-09 21:41:12,337 ACK, TTL = 5
2016-10-09 21:41:14,584 ADD
2016-10-09 21:41:14,889 ACK, TTL = 5
2016-10-09 21:41:15,910 ADD
2016-10-09 21:41:16,232 ACK, TTL = 5
2016-10-09 21:41:18,368 ADD
2016-10-09 21:41:18,648 ACK, TTL = 5
2016-10-09 21:41:20,920 ADD
2016-10-09 21:41:21,216 ACK, TTL = 5
2016-10-09 21:41:22,266 ADD
2016-10-09 21:41:22,644 ACK, TTL = 5
2016-10-09 21:41:24,678 ADD
2016-10-09 21:41:24,975 ACK, TTL = 5
2016-10-09 21:41:27,245 ADD
2016-10-09 21:41:27,556 ACK, TTL = 5
2016-10-09 21:41:28,674 ADD
2016-10-09 21:41:28,987 ACK, TTL = 5
2016-10-09 21:41:31,007 ADD
2016-10-09 21:41:31,305 ACK, TTL = 5
2016-10-09 21:41:33,585 ADD
2016-10-09 21:41:34,628 ACK, TTL = 5
2016-10-09 21:41:35,022 ADD
2016-10-09 21:41:36,668 ACK, TTL = 5
2016-10-09 21:41:37,334 ADD
2016-10-09 21:41:37,652 ACK, TTL = 5
2016-10-09 21:41:40,691 ADD
2016-10-09 21:41:40,995 ACK, TTL = 5
2016-10-09 21:41:41,690 ADD
2016-10-09 21:41:41,973 ACK, TTL = 5
2016-10-09 21:41:43,720 ADD
2016-10-09 21:41:44,045 ACK, TTL = 5
2016-10-09 21:41:47,027 ADD
2016-10-09 21:41:47,321 ACK, TTL = 5
2016-10-09 21:41:48,006 ADD
2016-10-09 21:41:48,396 ACK, TTL = 5
2016-10-09 21:41:50,071 ADD
2016-10-09 21:41:50,409 ACK, TTL = 5
2016-10-09 21:41:53,353 ADD
2016-10-09 21:41:53,709 ACK, TTL = 5
2016-10-09 21:41:54,427 ADD
2016-10-09 21:41:54,793 ACK, TTL = 5
2016-10-09 21:41:56,437 ADD
2016-10-09 21:41:56,756 ACK, TTL = 5
2016-10-09 21:41:59,743 ADD
2016-10-09 21:42:00,046 ACK, TTL = 5
2016-10-09 21:42:00,822 ADD
2016-10-09 21:42:01,276 ACK, TTL = 5
2016-10-09 21:42:02,785 ADD
2016-10-09 21:42:03,066 ACK, TTL = 5
2016-10-09 21:42:06,071 ADD
2016-10-09 21:42:06,291 ACK, TTL = 5
2016-10-09 21:42:07,309 ADD
2016-10-09 21:42:07,715 ACK, TTL = 5
2016-10-09 21:42:09,103 ADD
2016-10-09 21:42:09,429 ACK, TTL = 5
2016-10-09 21:42:12,326 ADD
2016-10-09 21:42:12,658 ACK, TTL = 5
2016-10-09 21:42:13,748 ADD
2016-10-09 21:42:14,046 ACK, TTL = 5
2016-10-09 21:42:15,460 ADD
2016-10-09 21:42:15,780 ACK, TTL = 5
2016-10-09 21:42:18,686 ADD
2016-10-09 21:42:19,001 ACK, TTL = 5
2016-10-09 21:42:20,075 ADD
2016-10-09 21:42:20,457 ACK, TTL = 5
2016-10-09 21:42:21,809 ADD
2016-10-09 21:42:22,169 ACK, TTL = 5
2016-10-09 21:42:25,034 ADD
2016-10-09 21:42:25,363 ACK, TTL = 5
2016-10-09 21:42:26,491 ADD
2016-10-09 21:42:26,902 ACK, TTL = 5
2016-10-09 21:42:28,198 ADD
2016-10-09 21:42:28,577 ACK, TTL = 5
2016-10-09 21:42:31,395 ADD
2016-10-09 21:42:31,717 ACK, TTL = 5
2016-10-09 21:42:32,944 ADD
2016-10-09 21:42:33,284 ACK, TTL = 5
2016-10-09 21:42:34,614 ADD
2016-10-09 21:42:34,933 ACK, TTL = 5
2016-10-09 21:42:37,751 ADD
2016-10-09 21:42:38,035 ACK, TTL = 5
2016-10-09 21:42:39,317 ADD
2016-10-09 21:42:39,628 ACK, TTL = 5
2016-10-09 21:42:40,980 ADD
2016-10-09 21:42:41,272 ACK, TTL = 5
2016-10-09 21:42:44,067 ADD
2016-10-09 21:42:44,326 ACK, TTL = 5
2016-10-09 21:42:45,666 ADD
2016-10-09 21:42:45,990 ACK, TTL = 5
2016-10-09 21:42:47,309 ADD
2016-10-09 21:42:47,670 ACK, TTL = 5
2016-10-09 21:42:50,357 ADD
2016-10-09 21:42:50,653 ACK, TTL = 5
2016-10-09 21:42:52,027 ADD
2016-10-09 21:42:52,340 ACK, TTL = 5
2016-10-09 21:42:53,700 ADD
2016-10-09 21:42:53,989 ACK, TTL = 5
2016-10-09 21:42:56,678 ADD
2016-10-09 21:42:56,978 ACK, TTL = 5
2016-10-09 21:42:58,371 ADD
2016-10-09 21:42:58,706 ACK, TTL = 5
2016-10-09 21:43:00,021 ADD
2016-10-09 21:43:00,421 ACK, TTL = 5
2016-10-09 21:43:03,013 ADD
2016-10-09 21:43:03,293 ACK, TTL = 5
2016-10-09 21:43:04,746 ADD
2016-10-09 21:43:05,067 ACK, TTL = 5
2016-10-09 21:43:06,452 ADD
2016-10-09 21:43:06,800 ACK, TTL = 5
2016-10-09 21:43:09,329 ADD
2016-10-09 21:43:09,798 ACK, TTL = 5
2016-10-09 21:43:11,103 ADD
2016-10-09 21:43:11,385 ACK, TTL = 5
2016-10-09 21:43:12,839 ADD
2016-10-09 21:43:13,142 ACK, TTL = 5
2016-10-09 21:43:15,826 ADD
2016-10-09 21:43:16,090 ACK, TTL = 5
2016-10-09 21:43:17,416 ADD
2016-10-09 21:43:17,790 ACK, TTL = 5
2016-10-09 21:43:19,175 ADD
2016-10-09 21:43:19,494 ACK, TTL = 5
2016-10-09 21:43:22,121 ADD
2016-10-09 21:43:22,440 ACK, TTL = 5
2016-10-09 21:43:23,827 ADD
2016-10-09 21:43:24,102 ACK, TTL = 5
2016-10-09 21:43:25,521 ADD
2016-10-09 21:43:25,771 ACK, TTL = 5
2016-10-09 21:43:28,490 ADD
2016-10-09 21:43:28,774 ACK, TTL = 5
2016-10-09 21:43:30,131 ADD
2016-10-09 21:43:30,401 ACK, TTL = 5
2016-10-09 21:43:31,797 ADD
2016-10-09 21:43:32,061 ACK, TTL = 5
2016-10-09 21:43:34,807 ADD
2016-10-09 21:43:35,068 ACK, TTL = 5
2016-10-09 21:43:36,438 ADD
2016-10-09 21:43:36,740 ACK, TTL = 5
2016-10-09 21:43:38,096 ADD
2016-10-09 21:43:38,683 ACK, TTL = 5
2016-10-09 21:43:41,133 ADD
2016-10-09 21:43:41,350 ACK, TTL = 5
2016-10-09 21:43:42,813 ADD
2016-10-09 21:43:43,079 ACK, TTL = 5
2016-10-09 21:43:44,745 ADD
2016-10-09 21:43:45,075 ACK, TTL = 5
2016-10-09 21:43:47,382 ADD
2016-10-09 21:43:47,631 ACK, TTL = 5
2016-10-09 21:43:49,106 ADD
2016-10-09 21:43:49,562 ACK, TTL = 5
2016-10-09 21:43:51,107 ADD
2016-10-09 21:43:51,464 ACK, TTL = 5
2016-10-09 21:43:53,670 ADD
2016-10-09 21:43:53,982 ACK, TTL = 5
2016-10-09 21:43:55,602 ADD
2016-10-09 21:43:55,926 ACK, TTL = 5
2016-10-09 21:43:57,494 ADD
2016-10-09 21:43:57,781 ACK, TTL = 5
2016-10-09 21:44:00,019 ADD
2016-10-09 21:44:00,291 ACK, TTL = 5
2016-10-09 21:44:01,951 ADD
2016-10-09 21:44:02,207 ACK, TTL = 5
2016-10-09 21:44:03,812 ADD
2016-10-09 21:44:04,132 ACK, TTL = 5
2016-10-09 21:44:06,328 ADD
2016-10-09 21:44:06,738 ACK, TTL = 5
2016-10-09 21:44:08,249 ADD
2016-10-09 21:44:08,575 ACK, TTL = 5
2016-10-09 21:44:10,163 ADD
2016-10-09 21:44:10,465 ACK, TTL = 5
2016-10-09 21:44:12,776 ADD
2016-10-09 21:44:13,077 ACK, TTL = 5
2016-10-09 21:44:14,605 ADD
2016-10-09 21:44:15,028 ACK, TTL = 5
2016-10-09 21:44:16,501 ADD
2016-10-09 21:44:16,792 ACK, TTL = 5
2016-10-09 21:44:19,110 ADD
2016-10-09 21:44:19,380 ACK, TTL = 5
2016-10-09 21:44:21,067 ADD
2016-10-09 21:44:21,376 ACK, TTL = 5
2016-10-09 21:44:22,831 ADD
2016-10-09 21:44:23,108 ACK, TTL = 5
2016-10-09 21:44:25,405 ADD
2016-10-09 21:44:25,672 ACK, TTL = 5
2016-10-09 21:44:27,411 ADD
2016-10-09 21:44:27,696 ACK, TTL = 5
2016-10-09 21:44:29,141 ADD
2016-10-09 21:44:29,412 ACK, TTL = 5
2016-10-09 21:44:31,707 ADD
2016-10-09 21:44:31,977 ACK, TTL = 5
2016-10-09 21:44:33,735 ADD
2016-10-09 21:44:34,049 ACK, TTL = 5
2016-10-09 21:44:35,446 ADD
2016-10-09 21:44:35,732 ACK, TTL = 5
2016-10-09 21:44:38,009 ADD
2016-10-09 21:44:38,277 ACK, TTL = 5
2016-10-09 21:44:40,076 ADD
2016-10-09 21:44:40,363 ACK, TTL = 5
2016-10-09 21:44:41,769 ADD
2016-10-09 21:44:42,069 ACK, TTL = 5
2016-10-09 21:44:44,314 ADD
2016-10-09 21:44:44,598 ACK, TTL = 5
2016-10-09 21:44:46,394 ADD
2016-10-09 21:44:46,693 ACK, TTL = 5
2016-10-09 21:44:48,103 ADD
2016-10-09 21:44:48,535 ACK, TTL = 5
2016-10-09 21:44:50,629 ADD
2016-10-09 21:44:50,925 ACK, TTL = 5
2016-10-09 21:44:52,722 ADD
2016-10-09 21:44:53,041 ACK, TTL = 5
2016-10-09 21:44:54,576 ADD
2016-10-09 21:44:54,949 ACK, TTL = 5
2016-10-09 21:44:56,961 ADD
2016-10-09 21:44:57,260 ACK, TTL = 5
2016-10-09 21:44:59,071 ADD
2016-10-09 21:44:59,365 ACK, TTL = 5
2016-10-09 21:45:00,963 ADD
2016-10-09 21:45:01,233 ACK, TTL = 5
2016-10-09 21:45:03,293 ADD
2016-10-09 21:45:03,607 ACK, TTL = 5
2016-10-09 21:49:57,665 ADD
2016-10-09 21:49:57,668 ADD
2016-10-09 21:49:57,670 ADD
